{
  "ds": {
    "type": "file",
    "size": 13,
    "created": 1754578359.0832214,
    "modified": 1754578381.9503686
  },
  "MonitorSend.py": {
    "type": "file",
    "size": 2388,
    "created": 1754566233.4697087,
    "modified": 1754578255.6599443
  }
}