{
  "MonitorSend.py": {
    "type": "file",
    "size": 2426,
    "created": 1754566233.4697087,
    "modified": 1754579485.0673246
  },
  "Readme": {
    "type": "file",
    "size": 556,
    "created": 1754578797.5463114,
    "modified": 1754578799.3987734
  },
  "requirements.txt": {
    "type": "file",
    "size": 17,
    "created": 1754578580.2854095,
    "modified": 1754578804.3774354
  },
  ".git/COMMIT_EDITMSG": {
    "type": "file",
    "size": 13,
    "created": 1754579028.9042435,
    "modified": 1754579028.9052544
  },
  ".git/config": {
    "type": "file",
    "size": 305,
    "created": 1754579032.851748,
    "modified": 1754579043.6174493
  },
  ".git/description": {
    "type": "file",
    "size": 73,
    "created": 1754579011.0248404,
    "modified": 1754579011.0248404
  },
  ".git/HEAD": {
    "type": "file",
    "size": 21,
    "created": 1754579028.9152553,
    "modified": 1754579032.8497477
  },
  ".git/index": {
    "type": "file",
    "size": 1475,
    "created": 1754579021.821118,
    "modified": 1754579028.90326
  },
  "archive/client.py": {
    "type": "file",
    "size": 2657,
    "created": 1754557625.6410239,
    "modified": 1754560625.5515192
  },
  "archive/hello.txt": {
    "type": "file",
    "size": 14,
    "created": 1754558234.912912,
    "modified": 1754558237.5162163
  },
  "archive/server.py": {
    "type": "file",
    "size": 510,
    "created": 1754560650.5078309,
    "modified": 1754560653.248332
  },
  "archive/StartPoint.py": {
    "type": "file",
    "size": 1167,
    "created": 1754554266.0713637,
    "modified": 1754556978.0024989
  },
  "hi/coriosant": {
    "type": "file",
    "size": 368,
    "created": 1754579692.284688,
    "modified": 1754579705.1709404
  },
  "hi/gf": {
    "type": "file",
    "size": 14,
    "created": 1754579625.0828955,
    "modified": 1754579710.554491
  },
  "mobile/README.md": {
    "type": "file",
    "size": 571,
    "created": 1754578469.5622554,
    "modified": 1754578526.3460093
  },
  "mobile/server.py": {
    "type": "file",
    "size": 543,
    "created": 1754578453.4792604,
    "modified": 1754579491.3658688
  },
  "archive/data/encrypted_result.bin": {
    "type": "file",
    "size": 248,
    "created": 1754558195.0481377,
    "modified": 1754558241.7323785
  },
  "archive/data/fernet.key": {
    "type": "file",
    "size": 44,
    "created": 1754558195.0431144,
    "modified": 1754558195.0431144
  },
  "archive/data/folder_content_2025-08-07_09-56-22.json": {
    "type": "file",
    "size": 136,
    "created": 1754556982.103411,
    "modified": 1754556996.1510234
  },
  "archive/data/last_state.json": {
    "type": "file",
    "size": 3957,
    "created": 1754558195.0491216,
    "modified": 1754558241.7333846
  },
  ".git/hooks/applypatch-msg.sample": {
    "type": "file",
    "size": 478,
    "created": 1754579011.035856,
    "modified": 1754579011.0368285
  },
  ".git/hooks/commit-msg.sample": {
    "type": "file",
    "size": 896,
    "created": 1754579011.0368285,
    "modified": 1754579011.037848
  },
  ".git/hooks/fsmonitor-watchman.sample": {
    "type": "file",
    "size": 4726,
    "created": 1754579011.037848,
    "modified": 1754579011.0388415
  },
  ".git/hooks/post-update.sample": {
    "type": "file",
    "size": 189,
    "created": 1754579011.0398417,
    "modified": 1754579011.0398417
  },
  ".git/hooks/pre-applypatch.sample": {
    "type": "file",
    "size": 424,
    "created": 1754579011.0398417,
    "modified": 1754579011.0408387
  },
  ".git/hooks/pre-commit.sample": {
    "type": "file",
    "size": 1649,
    "created": 1754579011.0418391,
    "modified": 1754579011.0418391
  },
  ".git/hooks/pre-merge-commit.sample": {
    "type": "file",
    "size": 416,
    "created": 1754579011.0418391,
    "modified": 1754579011.0428421
  },
  ".git/hooks/pre-push.sample": {
    "type": "file",
    "size": 1374,
    "created": 1754579011.0428421,
    "modified": 1754579011.043828
  },
  ".git/hooks/pre-rebase.sample": {
    "type": "file",
    "size": 4898,
    "created": 1754579011.043828,
    "modified": 1754579011.0448296
  },
  ".git/hooks/pre-receive.sample": {
    "type": "file",
    "size": 544,
    "created": 1754579011.0448296,
    "modified": 1754579011.045827
  },
  ".git/hooks/prepare-commit-msg.sample": {
    "type": "file",
    "size": 1492,
    "created": 1754579011.045827,
    "modified": 1754579011.0468287
  },
  ".git/hooks/push-to-checkout.sample": {
    "type": "file",
    "size": 2783,
    "created": 1754579011.0468287,
    "modified": 1754579011.0468287
  },
  ".git/hooks/sendemail-validate.sample": {
    "type": "file",
    "size": 2308,
    "created": 1754579011.0478287,
    "modified": 1754579011.0488272
  },
  ".git/hooks/update.sample": {
    "type": "file",
    "size": 3650,
    "created": 1754579011.0498412,
    "modified": 1754579011.0498412
  },
  ".git/info/exclude": {
    "type": "file",
    "size": 240,
    "created": 1754579011.0508406,
    "modified": 1754579011.0508406
  },
  ".git/logs/HEAD": {
    "type": "file",
    "size": 551,
    "created": 1754579028.9172542,
    "modified": 1754579032.850748
  },
  ".git/refs/heads/main": {
    "type": "file",
    "size": 41,
    "created": 1754579032.8457465,
    "modified": 1754579032.8477452
  },
  ".git/refs/remotes/origin/main": {
    "type": "file",
    "size": 41,
    "created": 1754579043.6234424,
    "modified": 1754579043.6244495
  },
  ".git/objects/01/e96c6f423153dab5532282b50e9748594b6e1b": {
    "type": "file",
    "size": 310,
    "created": 1754579021.9121163,
    "modified": 1754579021.9131174
  },
  ".git/objects/02/40c754204da5e8ba1a4c8875e9e2fb2af67886": {
    "type": "file",
    "size": 60,
    "created": 1754579021.860114,
    "modified": 1754579021.860114
  },
  ".git/objects/10/8cdae8c1d46d08c8ac7f8a8be059e8c3c9feaa": {
    "type": "file",
    "size": 222,
    "created": 1754579028.8962555,
    "modified": 1754579028.8962555
  },
  ".git/objects/14/6d69d35c03737c94b6838ef3260613b5f5c538": {
    "type": "file",
    "size": 94,
    "created": 1754579028.8812423,
    "modified": 1754579028.8812423
  },
  ".git/objects/2e/67ff474dee1fbe7ce0c7102dd4d930522930e5": {
    "type": "file",
    "size": 182,
    "created": 1754579028.8730786,
    "modified": 1754579028.8730786
  },
  ".git/objects/30/692b7645ff74a6d3a05be8656724579fd51a60": {
    "type": "file",
    "size": 31,
    "created": 1754579021.9191148,
    "modified": 1754579021.9191148
  },
  ".git/objects/3a/9a2e8a70b2187f348437936294302efbb6b017": {
    "type": "file",
    "size": 152,
    "created": 1754579021.8991153,
    "modified": 1754579021.8991153
  },
  ".git/objects/43/d5421af26c5d70749210389b9367321b9b1845": {
    "type": "file",
    "size": 197,
    "created": 1754579028.8659773,
    "modified": 1754579028.8659773
  },
  ".git/objects/4c/1c80c1eca81bc6d9cd991df76d1bd4e5359bba": {
    "type": "file",
    "size": 60,
    "created": 1754579021.8921144,
    "modified": 1754579021.8921144
  },
  ".git/objects/52/3de898c45c39de6beba3f88c6347872c1f6ec8": {
    "type": "file",
    "size": 376,
    "created": 1754579021.906125,
    "modified": 1754579021.906125
  },
  ".git/objects/5d/b776e75a1606859730faf89fd51c3934bd34db": {
    "type": "file",
    "size": 349,
    "created": 1754579021.8331163,
    "modified": 1754579021.8331163
  },
  ".git/objects/5e/f2f85343447149426b5ef6c1062d60d8d8f9ee": {
    "type": "file",
    "size": 1601,
    "created": 1754579021.8741157,
    "modified": 1754579021.8741157
  },
  ".git/objects/71/273d36267c5694c59cb1897d50f31209d7f35c": {
    "type": "file",
    "size": 86,
    "created": 1754579028.8882444,
    "modified": 1754579028.8892593
  },
  ".git/objects/7a/95cce35dba5531472816d97f8a4f1f79230073": {
    "type": "file",
    "size": 321,
    "created": 1754579021.8851137,
    "modified": 1754579021.8861153
  },
  ".git/objects/80/7822e977e7d56daa0394d28d6fe03e662642f1": {
    "type": "file",
    "size": 28,
    "created": 1754579021.8791165,